-- --------------------------------------------------------
-- Host:                         127.0.0.1
-- Server version:               5.5.46 - MySQL Community Server (GPL)
-- Server OS:                    Win64
-- HeidiSQL Version:             9.3.0.4984
-- --------------------------------------------------------

/*!40101 SET @OLD_CHARACTER_SET_CLIENT=@@CHARACTER_SET_CLIENT */;
/*!40101 SET NAMES utf8mb4 */;
/*!40014 SET @OLD_FOREIGN_KEY_CHECKS=@@FOREIGN_KEY_CHECKS, FOREIGN_KEY_CHECKS=0 */;
/*!40101 SET @OLD_SQL_MODE=@@SQL_MODE, SQL_MODE='NO_AUTO_VALUE_ON_ZERO' */;

-- Dumping database structure for utraval
DROP DATABASE IF EXISTS `utraval`;
CREATE DATABASE IF NOT EXISTS `utraval` /*!40100 DEFAULT CHARACTER SET latin1 */;
USE `utraval`;


-- Dumping structure for table utraval.anyalytics
DROP TABLE IF EXISTS `anyalytics`;
CREATE TABLE IF NOT EXISTS `anyalytics` (
  `ID` bigint(20) NOT NULL,
  `PROPERTY_AMOUNT` double DEFAULT NULL,
  `DATE` datetime DEFAULT NULL,
  `PROPERTY_CODE` varchar(255) DEFAULT NULL,
  PRIMARY KEY (`ID`)
) ENGINE=InnoDB DEFAULT CHARSET=latin1;

-- Dumping data for table utraval.anyalytics: ~100 rows (approximately)
/*!40000 ALTER TABLE `anyalytics` DISABLE KEYS */;
INSERT INTO `anyalytics` (`ID`, `PROPERTY_AMOUNT`, `DATE`, `PROPERTY_CODE`) VALUES
	(1, 1800, '2013-12-01 00:00:00', 'YXBLRMBB'),
	(2, 1960, '2013-02-01 00:00:00', 'YXBLRMBB'),
	(3, 2100, '2014-12-01 00:00:00', 'YXBLRMBB'),
	(4, 2270, '2014-02-01 00:00:00', 'YXBLRMBB'),
	(5, 2300, '2015-12-01 00:00:00', 'YXBLRMBB'),
	(6, 3637, '2013-12-01 00:00:00', 'YXBLRMLA'),
	(7, 3789, '2013-02-01 00:00:00', 'YXBLRMLA'),
	(8, 3867, '2014-12-01 00:00:00', 'YXBLRMLA'),
	(9, 3943, '2014-02-01 00:00:00', 'YXBLRMLA'),
	(10, 4199, '2015-12-01 00:00:00', 'YXBLRMLA'),
	(11, 9298, '2013-12-01 00:00:00', 'UIBLR792'),
	(12, 3781, '2013-02-01 00:00:00', 'UIBLR793'),
	(13, 3836, '2014-12-01 00:00:00', 'UIBLR794'),
	(14, 3900, '2014-02-01 00:00:00', 'UIBLR795'),
	(15, 4800, '2015-12-01 00:00:00', 'UIBLR796'),
	(16, 6742, '2013-12-01 00:00:00', 'IQBLRCPA'),
	(17, 4535, '2013-02-01 00:00:00', 'IQBLRCPA'),
	(18, 4618, '2014-12-01 00:00:00', 'IQBLRCPA'),
	(19, 4795, '2014-02-01 00:00:00', 'IQBLRCPA'),
	(20, 4876, '2015-12-01 00:00:00', 'IQBLRCPA'),
	(21, 4436, '2013-12-01 00:00:00', 'GWBLRPHB'),
	(22, 4500, '2013-02-01 00:00:00', 'GWBLRPHB'),
	(23, 4636, '2014-12-01 00:00:00', 'GWBLRPHB'),
	(24, 4743, '2014-02-01 00:00:00', 'GWBLRPHB'),
	(25, 4876, '2015-12-01 00:00:00', 'GWBLRPHB'),
	(26, 4550, '2013-12-01 00:00:00', 'RABLRHHC'),
	(27, 4650, '2013-02-01 00:00:00', 'RABLRHHC'),
	(28, 4750, '2014-12-01 00:00:00', 'RABLRHHC'),
	(29, 4850, '2014-02-01 00:00:00', 'RABLRHHC'),
	(30, 4978, '2015-12-01 00:00:00', 'RABLRHHC'),
	(31, 3752, '2013-12-01 00:00:00', 'IQBLRROR'),
	(32, 3852, '2013-02-01 00:00:00', 'IQBLRROR'),
	(33, 3952, '2014-12-01 00:00:00', 'IQBLRROR'),
	(34, 4052, '2014-02-01 00:00:00', 'IQBLRROR'),
	(35, 5000, '2015-12-01 00:00:00', 'IQBLRROR'),
	(36, 5152, '2013-12-01 00:00:00', 'TJBLRGAT'),
	(37, 5252, '2013-02-01 00:00:00', 'TJBLRGAT'),
	(38, 5352, '2014-12-01 00:00:00', 'TJBLRGAT'),
	(39, 5452, '2014-02-01 00:00:00', 'TJBLRGAT'),
	(40, 5680, '2015-12-01 00:00:00', 'TJBLRGAT'),
	(41, 9421, '2013-12-01 00:00:00', 'FNBLRFBF'),
	(42, 9521, '2013-02-01 00:00:00', 'FNBLRFBF'),
	(43, 9621, '2014-12-01 00:00:00', 'FNBLRFBF'),
	(44, 9721, '2014-02-01 00:00:00', 'FNBLRFBF'),
	(45, 9858, '2015-12-01 00:00:00', 'FNBLRFBF'),
	(46, 5621, '2013-12-01 00:00:00', 'DSBLRPAR'),
	(47, 5721, '2013-02-01 00:00:00', 'DSBLRPAR'),
	(48, 5821, '2014-12-01 00:00:00', 'DSBLRPAR'),
	(49, 5988, '2014-02-01 00:00:00', 'DSBLRPAR'),
	(50, 6000, '2015-12-01 00:00:00', 'DSBLRPAR'),
	(51, 13125, '2013-12-01 00:00:00', 'RABLRHHC'),
	(52, 12125, '2013-02-01 00:00:00', 'RABLRHHC'),
	(53, 11125, '2014-12-01 00:00:00', 'RABLRHHC'),
	(54, 10125, '2014-02-01 00:00:00', 'RABLRHHC'),
	(55, 9957, '2015-12-01 00:00:00', 'RABLRHHC'),
	(56, 7499, '2013-12-01 00:00:00', 'HLBLR182'),
	(57, 7399, '2013-02-01 00:00:00', 'HLBLR183'),
	(58, 7262, '2014-12-01 00:00:00', 'HLBLR184'),
	(59, 7162, '2014-02-01 00:00:00', 'HLBLR185'),
	(60, 6162, '2015-12-01 00:00:00', 'HLBLR186'),
	(61, 7295, '2013-12-01 00:00:00', 'WVBLR907'),
	(62, 7195, '2013-02-01 00:00:00', 'WVBLR908'),
	(63, 7095, '2014-12-01 00:00:00', 'WVBLR909'),
	(64, 6995, '2014-02-01 00:00:00', 'WVBLR910'),
	(65, 6800, '2015-12-01 00:00:00', 'WVBLR911'),
	(66, 7620, '2013-12-01 00:00:00', 'HYBLRHYB'),
	(67, 7520, '2013-02-01 00:00:00', 'HYBLRHYB'),
	(68, 7420, '2014-12-01 00:00:00', 'HYBLRHYB'),
	(69, 7320, '2014-02-01 00:00:00', 'HYBLRHYB'),
	(70, 7200, '2015-12-01 00:00:00', 'HYBLRHYB'),
	(71, 7929, '2013-12-01 00:00:00', 'HJBLR441'),
	(72, 7829, '2013-02-01 00:00:00', 'HJBLR442'),
	(73, 7729, '2014-12-01 00:00:00', 'HJBLR443'),
	(74, 7629, '2014-02-01 00:00:00', 'HJBLR444'),
	(75, 7500, '2015-12-01 00:00:00', 'HJBLR445'),
	(76, 8168, '2013-12-01 00:00:00', 'WVBLRPAL'),
	(77, 8068, '2013-02-01 00:00:00', 'WVBLRPAL'),
	(78, 7968, '2014-12-01 00:00:00', 'WVBLRPAL'),
	(79, 7868, '2014-02-01 00:00:00', 'WVBLRPAL'),
	(80, 7700, '2015-12-01 00:00:00', 'WVBLRPAL'),
	(81, 8340, '2013-12-01 00:00:00', 'ALBLR545'),
	(82, 8240, '2013-02-01 00:00:00', 'ALBLR546'),
	(83, 8140, '2014-12-01 00:00:00', 'ALBLR547'),
	(84, 8040, '2014-02-01 00:00:00', 'ALBLR548'),
	(85, 7919, '2015-12-01 00:00:00', 'ALBLR549'),
	(86, 9289, '2013-12-01 00:00:00', 'TJBLRITP'),
	(87, 9189, '2013-02-01 00:00:00', 'TJBLRITP'),
	(88, 9089, '2014-12-01 00:00:00', 'TJBLRITP'),
	(89, 8989, '2014-02-01 00:00:00', 'TJBLRITP'),
	(90, 8800, '2015-12-01 00:00:00', 'TJBLRITP'),
	(91, 9268, '2013-12-01 00:00:00', 'CPBLR040'),
	(92, 9168, '2013-02-01 00:00:00', 'CPBLR041'),
	(93, 9068, '2014-12-01 00:00:00', 'CPBLR042'),
	(94, 8968, '2014-02-01 00:00:00', 'CPBLR043'),
	(95, 8813, '2015-12-01 00:00:00', 'CPBLR044'),
	(96, 9750, '2013-12-01 00:00:00', 'SIBLR110'),
	(97, 9600, '2013-02-01 00:00:00', 'SIBLR111'),
	(98, 9500, '2014-12-01 00:00:00', 'SIBLR112'),
	(99, 9400, '2014-02-01 00:00:00', 'SIBLR113'),
	(100, 9371, '2015-12-01 00:00:00', 'SIBLR114');
/*!40000 ALTER TABLE `anyalytics` ENABLE KEYS */;


-- Dumping structure for table utraval.thresholdinfo
DROP TABLE IF EXISTS `thresholdinfo`;
CREATE TABLE IF NOT EXISTS `thresholdinfo` (
  `ID` bigint(20) NOT NULL AUTO_INCREMENT,
  `CHECKIN` varchar(255) DEFAULT NULL,
  `CHECKOUT` varchar(255) DEFAULT NULL,
  `PRICESETTED` varchar(255) DEFAULT NULL,
  `PROPERTYCODE` varchar(255) DEFAULT NULL,
  `SETTEDDATE` datetime DEFAULT NULL,
  `STATUS` varchar(255) DEFAULT NULL,
  `USERNAME` varchar(255) DEFAULT NULL,
  PRIMARY KEY (`ID`)
) ENGINE=InnoDB AUTO_INCREMENT=7 DEFAULT CHARSET=latin1;

-- Dumping data for table utraval.thresholdinfo: ~6 rows (approximately)
/*!40000 ALTER TABLE `thresholdinfo` DISABLE KEYS */;
INSERT INTO `thresholdinfo` (`ID`, `CHECKIN`, `CHECKOUT`, `PRICESETTED`, `PROPERTYCODE`, `SETTEDDATE`, `STATUS`, `USERNAME`) VALUES
	(1, NULL, NULL, '22', 'ddf', '2015-12-05 19:43:38', NULL, 'adf'),
	(2, NULL, NULL, NULL, 'RTBLRBEN', '2015-12-05 23:19:59', NULL, '1008631212512463'),
	(3, NULL, NULL, NULL, 'RTBLRBEN', '2015-12-05 23:21:00', NULL, '1008631212512463'),
	(4, NULL, NULL, NULL, 'RTBLRBEN', '2015-12-05 23:24:05', NULL, '1008631212512463'),
	(5, NULL, NULL, NULL, 'YXBLR184', '2015-12-06 00:06:30', NULL, '1008631212512463'),
	(6, NULL, NULL, NULL, 'YXBLR184', '2015-12-06 00:06:30', NULL, '1008631212512463');
/*!40000 ALTER TABLE `thresholdinfo` ENABLE KEYS */;


-- Dumping structure for table utraval.userdetail
DROP TABLE IF EXISTS `userdetail`;
CREATE TABLE IF NOT EXISTS `userdetail` (
  `USERNAME` varchar(255) NOT NULL,
  `ADDRESS` varchar(255) DEFAULT NULL,
  `FIRSTNAME` varchar(255) DEFAULT NULL,
  `LASTNAME` varchar(255) DEFAULT NULL,
  `QRCODE` varchar(255) DEFAULT NULL,
  `USERLEVEL` varchar(255) DEFAULT NULL,
  PRIMARY KEY (`USERNAME`)
) ENGINE=InnoDB DEFAULT CHARSET=latin1;

-- Dumping data for table utraval.userdetail: ~3 rows (approximately)
/*!40000 ALTER TABLE `userdetail` DISABLE KEYS */;
INSERT INTO `userdetail` (`USERNAME`, `ADDRESS`, `FIRSTNAME`, `LASTNAME`, `QRCODE`, `USERLEVEL`) VALUES
	('1008631212512463', NULL, 'Feroz', 'Shah', '1008631212512463', 'Normal'),
	('anish', 'thekkinedathu', 'Anish', 'Antony', '123456', 'normal'),
	('mobile1212@yopmail.com', NULL, NULL, NULL, 'mobile1212@yopmail.com', 'Normal');
/*!40000 ALTER TABLE `userdetail` ENABLE KEYS */;


-- Dumping structure for table utraval.usertags
DROP TABLE IF EXISTS `usertags`;
CREATE TABLE IF NOT EXISTS `usertags` (
  `ID` bigint(20) NOT NULL AUTO_INCREMENT,
  `ACTIVITY` varchar(255) DEFAULT NULL,
  `USERPLACE` varchar(255) DEFAULT NULL,
  `USERNAME` varchar(255) DEFAULT NULL,
  PRIMARY KEY (`ID`)
) ENGINE=InnoDB AUTO_INCREMENT=26 DEFAULT CHARSET=latin1;

-- Dumping data for table utraval.usertags: ~25 rows (approximately)
/*!40000 ALTER TABLE `usertags` DISABLE KEYS */;
INSERT INTO `usertags` (`ID`, `ACTIVITY`, `USERPLACE`, `USERNAME`) VALUES
	(1, 'hotel', 'muniyara', 'anish'),
	(2, NULL, 'Kochi', '1008631212512463'),
	(3, NULL, 'Kochi', '1008631212512463'),
	(4, NULL, 'Kottayam', '1008631212512463'),
	(5, NULL, 'Kochi', '1008631212512463'),
	(6, NULL, 'Kochi', '1008631212512463'),
	(7, NULL, 'Kochi', '1008631212512463'),
	(8, NULL, NULL, '1008631212512463'),
	(9, NULL, NULL, '1008631212512463'),
	(10, NULL, 'Perumbavoor', '1008631212512463'),
	(11, NULL, 'Perumbavoor', '1008631212512463'),
	(12, NULL, 'Kochi', '1008631212512463'),
	(13, NULL, NULL, '1008631212512463'),
	(14, NULL, 'Thrichur', '1008631212512463'),
	(15, NULL, 'Thrichur', '1008631212512463'),
	(16, NULL, 'Coimbatore', '1008631212512463'),
	(17, NULL, 'Coimbatore', '1008631212512463'),
	(18, NULL, 'Kochi', '1008631212512463'),
	(19, NULL, 'Kochi', '1008631212512463'),
	(20, NULL, 'Mukundapuram', '1008631212512463'),
	(21, NULL, 'Mumbai', '1008631212512463'),
	(22, NULL, 'Bhatkal, Karnataka', '1008631212512463'),
	(23, NULL, NULL, '1008631212512463'),
	(24, NULL, 'Kochi', '1008631212512463'),
	(25, NULL, 'Kochi', '1008631212512463');
/*!40000 ALTER TABLE `usertags` ENABLE KEYS */;
/*!40101 SET SQL_MODE=IFNULL(@OLD_SQL_MODE, '') */;
/*!40014 SET FOREIGN_KEY_CHECKS=IF(@OLD_FOREIGN_KEY_CHECKS IS NULL, 1, @OLD_FOREIGN_KEY_CHECKS) */;
/*!40101 SET CHARACTER_SET_CLIENT=@OLD_CHARACTER_SET_CLIENT */;
